absolute_rank,transformed_feature,feature,coefficient,absolute_coefficient,odds_ratio,direction
1,categorical__ORGANIZATION_TYPE_XNA,ORGANIZATION_TYPE_XNA,-6.1343096677176705,6.1343096677176705,0.0021672208040836305,Lower risk
2,numeric__DAYS_EMPLOYED,DAYS_EMPLOYED,5.696227062170277,5.696227062170277,297.7419173688132,Higher risk
3,categorical__NAME_INCOME_TYPE_Pensioner,NAME_INCOME_TYPE_Pensioner,-4.059171316765292,4.059171316765292,0.017263319012526507,Lower risk
4,categorical__NAME_INCOME_TYPE_Working,NAME_INCOME_TYPE_Working,2.2835960591498528,2.2835960591498528,9.811901220675638,Higher risk
5,categorical__NAME_INCOME_TYPE_Commercial associate,NAME_INCOME_TYPE_Commercial associate,2.222506482448858,2.222506482448858,9.230437825595528,Higher risk
6,categorical__NAME_INCOME_TYPE_State servant,NAME_INCOME_TYPE_State servant,2.193703528765239,2.193703528765239,8.968366287462656,Higher risk
7,categorical__NAME_INCOME_TYPE_Unemployed,NAME_INCOME_TYPE_Unemployed,-2.0930501079082866,2.0930501079082866,0.12331045146233938,Lower risk
8,categorical__NAME_EDUCATION_TYPE_Academic degree,NAME_EDUCATION_TYPE_Academic degree,-1.2502480519113843,1.2502480519113843,0.2864337376112638,Lower risk
9,numeric__bureau_loan_count,bureau_loan_count,-0.9531227372683277,0.9531227372683277,0.385535216536337,Lower risk
10,numeric__FLAG_EMP_PHONE,FLAG_EMP_PHONE,0.9203699079860388,0.9203699079860388,2.510218768187504,Higher risk
11,numeric__AMT_GOODS_PRICE,AMT_GOODS_PRICE,-0.8956593804395666,0.8956593804395666,0.4083382595910556,Lower risk
12,numeric__AMT_CREDIT,AMT_CREDIT,0.8665071347245079,0.8665071347245079,2.3785882388356283,Higher risk
13,categorical__ORGANIZATION_TYPE_Legal Services,ORGANIZATION_TYPE_Legal Services,0.8368077964301287,0.8368077964301287,2.3089844513797435,Higher risk
14,categorical__ORGANIZATION_TYPE_Realtor,ORGANIZATION_TYPE_Realtor,0.8347006429901883,0.8347006429901883,2.304124189307558,Higher risk
15,categorical__ORGANIZATION_TYPE_Trade: type 5,ORGANIZATION_TYPE_Trade: type 5,-0.8309211008696603,0.8309211008696603,0.43564782586586165,Lower risk
16,numeric__pos_cash_max_instalment,pos_cash_max_instalment,0.8005907965565632,0.8005907965565632,2.22685615888805,Higher risk
17,categorical__ORGANIZATION_TYPE_Transport: type 3,ORGANIZATION_TYPE_Transport: type 3,0.6924623835973633,0.6924623835973633,1.99863087491469,Higher risk
18,numeric__bureau_closed_loan_count,bureau_closed_loan_count,0.6533943358343878,0.6533943358343878,1.922053865355036,Higher risk
19,categorical__ORGANIZATION_TYPE_Trade: type 4,ORGANIZATION_TYPE_Trade: type 4,-0.6429608613064183,0.6429608613064183,0.5257334933352277,Lower risk
20,numeric__pos_cash_max_future_instalments,pos_cash_max_future_instalments,-0.6158116334154662,0.6158116334154662,0.5402022711180198,Lower risk
21,numeric__pos_cash_mean_instalment,pos_cash_mean_instalment,-0.5623093148089876,0.5623093148089876,0.5698914842372426,Lower risk
22,numeric__pos_cash_mean_future_instalments,pos_cash_mean_future_instalments,0.5617870727494991,0.5617870727494991,1.7538038765799193,Higher risk
23,categorical__NAME_INCOME_TYPE_Student,NAME_INCOME_TYPE_Student,-0.5551202162436851,0.5551202162436851,0.5740032525336554,Lower risk
24,numeric__bureau_active_loan_count,bureau_active_loan_count,0.5026462582385828,0.5026462582385828,1.6530899907771965,Higher risk
25,categorical__NAME_EDUCATION_TYPE_Lower secondary,NAME_EDUCATION_TYPE_Lower secondary,0.4744441786261031,0.4744441786261031,1.6071206771671396,Higher risk
26,categorical__ORGANIZATION_TYPE_Advertising,ORGANIZATION_TYPE_Advertising,0.42497845390590233,0.42497845390590233,1.5295574633193072,Higher risk
27,categorical__ORGANIZATION_TYPE_Construction,ORGANIZATION_TYPE_Construction,0.4240983354136397,0.4240983354136397,1.528211863741257,Higher risk
28,numeric__BASEMENTAREA_MEDI,BASEMENTAREA_MEDI,0.41899733122968635,0.41899733122968635,1.5204362970895282,Higher risk
29,numeric__BASEMENTAREA_AVG,BASEMENTAREA_AVG,-0.3893942820948779,0.3893942820948779,0.6774671041990292,Lower risk
30,numeric__EXT_SOURCE_3,EXT_SOURCE_3,-0.38635490722633753,0.38635490722633753,0.6795293130150968,Lower risk
31,categorical__CODE_GENDER_XNA,CODE_GENDER_XNA,-0.38110981446341263,0.38110981446341263,0.6831028709256799,Lower risk
32,numeric__EXT_SOURCE_2,EXT_SOURCE_2,-0.378973998781277,0.378973998781277,0.6845634119178792,Lower risk
33,categorical__NAME_FAMILY_STATUS_Unknown,NAME_FAMILY_STATUS_Unknown,-0.3554102457721768,0.3554102457721768,0.7008858487641695,Lower risk
34,categorical__NAME_EDUCATION_TYPE_Secondary / secondary special,NAME_EDUCATION_TYPE_Secondary / secondary special,0.34722796848622184,0.34722796848622184,1.4151392957641378,Higher risk
35,categorical__ORGANIZATION_TYPE_Military,ORGANIZATION_TYPE_Military,-0.32476925675796997,0.32476925675796997,0.7226940911821474,Lower risk
36,categorical__ORGANIZATION_TYPE_Telecom,ORGANIZATION_TYPE_Telecom,0.3195918658535979,0.3195918658535979,1.376565826152254,Higher risk
37,categorical__OCCUPATION_TYPE_Low-skill Laborers,OCCUPATION_TYPE_Low-skill Laborers,0.3085067923152896,0.3085067923152896,1.3613907565114403,Higher risk
38,categorical__ORGANIZATION_TYPE_Industry: type 3,ORGANIZATION_TYPE_Industry: type 3,0.30767652983341587,0.30767652983341587,1.3602609139409907,Higher risk
39,categorical__OCCUPATION_TYPE_IT staff,OCCUPATION_TYPE_IT staff,-0.30352354026263195,0.30352354026263195,0.7382125112108671,Lower risk
40,categorical__ORGANIZATION_TYPE_Trade: type 1,ORGANIZATION_TYPE_Trade: type 1,0.2982171803817251,0.2982171803817251,1.3474543967641956,Higher risk
41,numeric__LIVINGAREA_AVG,LIVINGAREA_AVG,0.2846392663817146,0.2846392663817146,1.3292824247633392,Higher risk
42,categorical__ORGANIZATION_TYPE_Self-employed,ORGANIZATION_TYPE_Self-employed,0.28322503323405834,0.28322503323405834,1.327403838188451,Higher risk
43,categorical__ORGANIZATION_TYPE_Trade: type 3,ORGANIZATION_TYPE_Trade: type 3,0.27871763593724136,0.27871763593724136,1.3214341656662763,Higher risk
44,numeric__LIVINGAPARTMENTS_MEDI,LIVINGAPARTMENTS_MEDI,0.2768631478364916,0.2768631478364916,1.318985852615505,Higher risk
45,categorical__ORGANIZATION_TYPE_Industry: type 1,ORGANIZATION_TYPE_Industry: type 1,0.2763618203042446,0.2763618203042446,1.3183247744151418,Higher risk
46,categorical__ORGANIZATION_TYPE_Restaurant,ORGANIZATION_TYPE_Restaurant,0.2709494689602079,0.2709494689602079,1.3112088119658956,Higher risk
47,categorical__NAME_HOUSING_TYPE_Office apartment,NAME_HOUSING_TYPE_Office apartment,-0.2703859304053086,0.2703859304053086,0.7630849398216272,Lower risk
48,categorical__CODE_GENDER_M,CODE_GENDER_M,0.26773226968986014,0.26773226968986014,1.3069971704105052,Higher risk
49,numeric__pos_cash_contract_count,pos_cash_contract_count,-0.24994714817763747,0.24994714817763747,0.7788419451997848,Lower risk
50,numeric__LIVINGAREA_MEDI,LIVINGAREA_MEDI,-0.2422088753806985,0.2422088753806985,0.7848922157682597,Lower risk
51,categorical__ORGANIZATION_TYPE_Cleaning,ORGANIZATION_TYPE_Cleaning,0.24213603038294249,0.24213603038294249,1.2739674793138807,Higher risk
52,categorical__ORGANIZATION_TYPE_Postal,ORGANIZATION_TYPE_Postal,0.2386440443407092,0.2386440443407092,1.2695265609829705,Higher risk
53,categorical__ORGANIZATION_TYPE_Mobile,ORGANIZATION_TYPE_Mobile,0.23732598862025003,0.23732598862025003,1.2678543565084182,Higher risk
54,categorical__FLAG_OWN_CAR_Y,FLAG_OWN_CAR_Y,-0.23650386528591316,0.23650386528591316,0.7893828311057348,Lower risk
55,categorical__ORGANIZATION_TYPE_Agriculture,ORGANIZATION_TYPE_Agriculture,0.23465884456789568,0.23465884456789568,1.2644773118364387,Higher risk
56,categorical__ORGANIZATION_TYPE_Business Entity Type 3,ORGANIZATION_TYPE_Business Entity Type 3,0.23173605136062345,0.23173605136062345,1.2607869019183515,Higher risk
57,categorical__ORGANIZATION_TYPE_Industry: type 12,ORGANIZATION_TYPE_Industry: type 12,-0.2286624480735388,0.2286624480735388,0.7955970434992315,Lower risk
58,numeric__prev_mean_credit,prev_mean_credit,0.2250018442189217,0.2250018442189217,1.2523250257512433,Higher risk
59,categorical__ORGANIZATION_TYPE_Trade: type 2,ORGANIZATION_TYPE_Trade: type 2,-0.22050388002647187,0.22050388002647187,0.8021145266299954,Lower risk
60,categorical__ORGANIZATION_TYPE_Culture,ORGANIZATION_TYPE_Culture,0.21845992051332513,0.21845992051332513,1.2441591503677774,Higher risk
61,numeric__YEARS_BUILD_MEDI,YEARS_BUILD_MEDI,-0.2170398380444074,0.2170398380444074,0.804897903107871,Lower risk
62,numeric__YEARS_BUILD_AVG,YEARS_BUILD_AVG,0.21609871946978554,0.21609871946978554,1.2412249060172778,Higher risk
63,categorical__ORGANIZATION_TYPE_Trade: type 7,ORGANIZATION_TYPE_Trade: type 7,0.21311890391750735,0.21311890391750735,1.2375317898736033,Higher risk
64,categorical__ORGANIZATION_TYPE_Business Entity Type 2,ORGANIZATION_TYPE_Business Entity Type 2,0.21101932734651965,0.21101932734651965,1.234936222871052,Higher risk
65,categorical__OCCUPATION_TYPE_Accountants,OCCUPATION_TYPE_Accountants,-0.2088255747468231,0.2088255747468231,0.8115367758065456,Lower risk
66,categorical__ORGANIZATION_TYPE_Transport: type 4,ORGANIZATION_TYPE_Transport: type 4,0.20821233425561458,0.20821233425561458,1.2314746260378289,Higher risk
67,categorical__ORGANIZATION_TYPE_Industry: type 4,ORGANIZATION_TYPE_Industry: type 4,0.2055493126073732,0.2055493126073732,1.2281995451905146,Higher risk
68,categorical__ORGANIZATION_TYPE_Security Ministries,ORGANIZATION_TYPE_Security Ministries,-0.1991042927128662,0.1991042927128662,0.8194644247081756,Lower risk
69,numeric__FLAG_DOCUMENT_3,FLAG_DOCUMENT_3,0.19742451939730504,0.19742451939730504,1.2182611064165874,Higher risk
70,categorical__NAME_CONTRACT_TYPE_Cash loans,NAME_CONTRACT_TYPE_Cash loans,-0.19265937256882593,0.19265937256882593,0.8247628631525442,Lower risk
71,categorical__ORGANIZATION_TYPE_Police,ORGANIZATION_TYPE_Police,-0.18345620272257918,0.18345620272257918,0.8323883312822291,Lower risk
72,numeric__APARTMENTS_AVG,APARTMENTS_AVG,0.18335211168346832,0.18335211168346832,1.2012373033123998,Higher risk
73,categorical__WALLSMATERIAL_MODE_Monolithic,WALLSMATERIAL_MODE_Monolithic,-0.1821953268262735,0.1821953268262735,0.8334385316125156,Lower risk
74,numeric__prev_mean_application_amount,prev_mean_application_amount,-0.17858650812568597,0.17858650812568597,0.8364516938791796,Lower risk
75,numeric__OBS_30_CNT_SOCIAL_CIRCLE,OBS_30_CNT_SOCIAL_CIRCLE,0.17835095029194745,0.17835095029194745,1.1952447191197149,Higher risk
76,numeric__OBS_60_CNT_SOCIAL_CIRCLE,OBS_60_CNT_SOCIAL_CIRCLE,-0.17683228174049256,0.17683228174049256,0.8379203072740908,Lower risk
77,numeric__EXT_SOURCE_1,EXT_SOURCE_1,-0.1754002482892956,0.1754002482892956,0.8391210967636962,Lower risk
78,numeric__COMMONAREA_MEDI,COMMONAREA_MEDI,-0.17441647050196923,0.17441647050196923,0.8399470116513182,Lower risk
79,categorical__ORGANIZATION_TYPE_Security,ORGANIZATION_TYPE_Security,0.174098174191219,0.174098174191219,1.1901724042982105,Higher risk
80,numeric__LIVINGAPARTMENTS_AVG,LIVINGAPARTMENTS_AVG,-0.1735034983568897,0.1735034983568897,0.8407142100383878,Lower risk
81,numeric__APARTMENTS_MEDI,APARTMENTS_MEDI,-0.17310151661661188,0.17310151661661188,0.8410522297339363,Lower risk
82,categorical__ORGANIZATION_TYPE_Trade: type 6,ORGANIZATION_TYPE_Trade: type 6,-0.16921510363059655,0.16921510363059655,0.8443272659909768,Lower risk
83,numeric__prev_mean_annuity,prev_mean_annuity,-0.1655595306252138,0.1655595306252138,0.8474194142957586,Lower risk
84,categorical__NAME_INCOME_TYPE_Businessman,NAME_INCOME_TYPE_Businessman,-0.16401205449516518,0.16401205449516518,0.8487317907852729,Lower risk
85,categorical__ORGANIZATION_TYPE_Industry: type 11,ORGANIZATION_TYPE_Industry: type 11,0.15942291138584797,0.15942291138584797,1.1728338465999004,Higher risk
86,categorical__ORGANIZATION_TYPE_Transport: type 1,ORGANIZATION_TYPE_Transport: type 1,-0.15745928293982533,0.15745928293982533,0.8543115979570584,Lower risk
87,numeric__AMT_ANNUITY,AMT_ANNUITY,0.15739478092920456,0.15739478092920456,1.1704575970416013,Higher risk
88,numeric__ELEVATORS_AVG,ELEVATORS_AVG,-0.15681886735576656,0.15681886735576656,0.85485888764575,Lower risk
89,numeric__NONLIVINGAPARTMENTS_MODE,NONLIVINGAPARTMENTS_MODE,0.15644687185831305,0.15644687185831305,1.1693486353487321,Higher risk
90,categorical__ORGANIZATION_TYPE_Industry: type 10,ORGANIZATION_TYPE_Industry: type 10,0.15277276037280346,0.15277276037280346,1.1650602010141184,Higher risk
91,categorical__ORGANIZATION_TYPE_Industry: type 8,ORGANIZATION_TYPE_Industry: type 8,0.15093791032006706,0.15093791032006706,1.1629244502332612,Higher risk
92,categorical__HOUSETYPE_MODE_terraced house,HOUSETYPE_MODE_terraced house,-0.1503122098392722,0.1503122098392722,0.8604392968704606,Lower risk
93,categorical__ORGANIZATION_TYPE_Business Entity Type 1,ORGANIZATION_TYPE_Business Entity Type 1,0.14824827654812883,0.14824827654812883,1.1598008119622605,Higher risk
94,categorical__ORGANIZATION_TYPE_Industry: type 9,ORGANIZATION_TYPE_Industry: type 9,-0.14762809969667168,0.14762809969667168,0.8627519129840393,Lower risk
95,categorical__ORGANIZATION_TYPE_Hotel,ORGANIZATION_TYPE_Hotel,-0.14683680489390677,0.14683680489390677,0.8634348742650789,Lower risk
96,numeric__ENTRANCES_AVG,ENTRANCES_AVG,-0.14548073334000466,0.14548073334000466,0.8646065479938717,Lower risk
97,categorical__ORGANIZATION_TYPE_Transport: type 2,ORGANIZATION_TYPE_Transport: type 2,0.14406032263741111,0.14406032263741111,1.1549537762814943,Higher risk
98,numeric__ELEVATORS_MODE,ELEVATORS_MODE,0.1432254775170301,0.1432254775170301,1.1539899711270936,Higher risk
99,numeric__installment_late_payment_rate,installment_late_payment_rate,0.1427344967709622,0.1427344967709622,1.1534235233389725,Higher risk
100,numeric__ENTRANCES_MEDI,ENTRANCES_MEDI,0.14208363087999834,0.14208363087999834,1.1526730435671322,Higher risk
101,categorical__NAME_EDUCATION_TYPE_Incomplete higher,NAME_EDUCATION_TYPE_Incomplete higher,0.13725134658118704,0.13725134658118704,1.1471164360832669,Higher risk
102,numeric__installment_total_instalment,installment_total_instalment,0.1368210551187882,0.1368210551187882,1.146622947853943,Higher risk
103,numeric__installment_count,installment_count,-0.13443316160885196,0.13443316160885196,0.8742113078012396,Lower risk
104,categorical__NAME_FAMILY_STATUS_Civil marriage,NAME_FAMILY_STATUS_Civil marriage,0.1301014072303834,0.1301014072303834,1.1389438746125837,Higher risk
105,numeric__REGION_RATING_CLIENT_W_CITY,REGION_RATING_CLIENT_W_CITY,0.12976350835830142,0.12976350835830142,1.1385590917744919,Higher risk
106,categorical__OCCUPATION_TYPE_Core staff,OCCUPATION_TYPE_Core staff,-0.12806866672375172,0.12806866672375172,0.8797929645699752,Lower risk
107,categorical__NAME_TYPE_SUITE_Group of people,NAME_TYPE_SUITE_Group of people,-0.1264475184032504,0.1264475184032504,0.8812203961834362,Lower risk
108,numeric__installment_mean_payment,installment_mean_payment,-0.12635791097409313,0.12635791097409313,0.8812993636156405,Lower risk
109,categorical__NAME_TYPE_SUITE_Other_A,NAME_TYPE_SUITE_Other_A,-0.12322901189275726,0.12322901189275726,0.884061178852235,Lower risk
110,categorical__ORGANIZATION_TYPE_Housing,ORGANIZATION_TYPE_Housing,0.12293716465162173,0.12293716465162173,1.1308133636634015,Higher risk
111,categorical__ORGANIZATION_TYPE_Electricity,ORGANIZATION_TYPE_Electricity,0.11947664231427163,0.11947664231427163,1.1269069218220686,Higher risk
112,numeric__FLAG_DOCUMENT_6,FLAG_DOCUMENT_6,0.11867041622031879,0.11867041622031879,1.1259987462028735,Higher risk
113,categorical__FONDKAPREMONT_MODE_reg oper spec account,FONDKAPREMONT_MODE_reg oper spec account,-0.11834336130539058,0.11834336130539058,0.8883909611591938,Lower risk
114,categorical__ORGANIZATION_TYPE_Bank,ORGANIZATION_TYPE_Bank,-0.11824216481001852,0.11824216481001852,0.8884808677600231,Lower risk
115,categorical__ORGANIZATION_TYPE_Kindergarten,ORGANIZATION_TYPE_Kindergarten,0.11277983540336757,0.11277983540336757,1.1193854567693515,Higher risk
116,categorical__ORGANIZATION_TYPE_Industry: type 13,ORGANIZATION_TYPE_Industry: type 13,0.11267328963155204,0.11267328963155204,1.119266197335308,Higher risk
117,categorical__FLAG_OWN_REALTY_N,FLAG_OWN_REALTY_N,-0.11237500526043898,0.11237500526043898,0.8937090490571225,Lower risk
118,numeric__COMMONAREA_AVG,COMMONAREA_AVG,0.11028084555684553,0.11028084555684553,1.1165916162220701,Higher risk
119,categorical__EMERGENCYSTATE_MODE_No,EMERGENCYSTATE_MODE_No,-0.10827462457943432,0.10827462457943432,0.8973811196751132,Lower risk
120,categorical__OCCUPATION_TYPE_Drivers,OCCUPATION_TYPE_Drivers,0.10735100279806054,0.10735100279806054,1.113324966083127,Higher risk
121,categorical__OCCUPATION_TYPE_Secretaries,OCCUPATION_TYPE_Secretaries,0.10598481491880593,0.10598481491880593,1.1118049935292478,Higher risk
122,categorical__ORGANIZATION_TYPE_Industry: type 6,ORGANIZATION_TYPE_Industry: type 6,-0.1038595042117017,0.1038595042117017,0.90135192467489,Lower risk
123,categorical__EMERGENCYSTATE_MODE_Yes,EMERGENCYSTATE_MODE_Yes,-0.10228127159073723,0.10228127159073723,0.9027755908280554,Lower risk
124,categorical__OCCUPATION_TYPE_Private service staff,OCCUPATION_TYPE_Private service staff,-0.1013373166991598,0.1013373166991598,0.903628172599073,Lower risk
125,numeric__NONLIVINGAPARTMENTS_MEDI,NONLIVINGAPARTMENTS_MEDI,-0.10049339671008811,0.10049339671008811,0.9043910843495768,Lower risk
126,categorical__FLAG_OWN_REALTY_Y,FLAG_OWN_REALTY_Y,-0.09818089083492951,0.09818089083492951,0.906484914109292,Lower risk
127,numeric__LIVINGAPARTMENTS_MODE,LIVINGAPARTMENTS_MODE,-0.09747561602184764,0.09747561602184764,0.9071244605891541,Lower risk
128,categorical__ORGANIZATION_TYPE_Other,ORGANIZATION_TYPE_Other,0.09739663345341731,0.09739663345341731,1.102297494988932,Higher risk
129,categorical__OCCUPATION_TYPE_Waiters/barmen staff,OCCUPATION_TYPE_Waiters/barmen staff,0.0973152559116026,0.0973152559116026,1.1022077963782169,Higher risk
130,categorical__CODE_GENDER_F,CODE_GENDER_F,-0.09717835144754888,0.09717835144754888,0.9073941566393219,Lower risk
131,categorical__ORGANIZATION_TYPE_Services,ORGANIZATION_TYPE_Services,0.09715809416099022,0.09715809416099022,1.1020345850828512,Higher risk
132,numeric__installment_total_payment,installment_total_payment,-0.0965497306822574,0.0965497306822574,0.9079647427708453,Lower risk
133,categorical__ORGANIZATION_TYPE_Industry: type 2,ORGANIZATION_TYPE_Industry: type 2,0.09462410392265878,0.09462410392265878,1.099245575356036,Higher risk
134,categorical__ORGANIZATION_TYPE_Medicine,ORGANIZATION_TYPE_Medicine,0.0918592158328811,0.0918592158328811,1.096210482137047,Higher risk
135,categorical__OCCUPATION_TYPE_High skill tech staff,OCCUPATION_TYPE_High skill tech staff,-0.09173281345637145,0.09173281345637145,0.9123488843273002,Lower risk
136,numeric__credit_card_mean_utilization,credit_card_mean_utilization,0.09023981345803879,0.09023981345803879,1.0944367128896502,Higher risk
137,categorical__NAME_HOUSING_TYPE_Rented apartment,NAME_HOUSING_TYPE_Rented apartment,0.08971366754042784,0.08971366754042784,1.093861030940714,Higher risk
138,numeric__prev_approval_rate,prev_approval_rate,-0.08970654143500738,0.08970654143500738,0.9141994255621403,Lower risk
139,numeric__prev_refused_count,prev_refused_count,0.08911989495326825,0.08911989495326825,1.0932117190372608,Higher risk
140,numeric__bureau_total_credit_sum,bureau_total_credit_sum,0.08733388841123074,0.08733388841123074,1.0912609782916374,Higher risk
141,categorical__ORGANIZATION_TYPE_Government,ORGANIZATION_TYPE_Government,0.08683337812693756,0.08683337812693756,1.090714927612544,Higher risk
142,numeric__pos_cash_month_count,pos_cash_month_count,0.08478073120158315,0.08478073120158315,1.0884783711855632,Higher risk
143,numeric__credit_card_mean_credit_limit,credit_card_mean_credit_limit,-0.0846054368930885,0.0846054368930885,0.9188747669685485,Lower risk
144,categorical__WEEKDAY_APPR_PROCESS_START_SUNDAY,WEEKDAY_APPR_PROCESS_START_SUNDAY,-0.08385366688188793,0.08385366688188793,0.919565809182265,Lower risk
145,numeric__prev_approved_count,prev_approved_count,0.08229038187811898,0.08229038187811898,1.0857710522943569,Higher risk
146,numeric__FLAG_DOCUMENT_4,FLAG_DOCUMENT_4,-0.08224866712177942,0.08224866712177942,0.9210428971312239,Lower risk
147,categorical__WALLSMATERIAL_MODE_Others,WALLSMATERIAL_MODE_Others,0.08090444569554332,0.08090444569554332,1.0842672852103001,Higher risk
148,categorical__NAME_EDUCATION_TYPE_Higher education,NAME_EDUCATION_TYPE_Higher education,0.08076866138893062,0.08076866138893062,1.0841200687238655,Higher risk
149,categorical__WEEKDAY_APPR_PROCESS_START_SATURDAY,WEEKDAY_APPR_PROCESS_START_SATURDAY,-0.0797851609523253,0.0797851609523253,0.9233146891285064,Lower risk
150,categorical__NAME_TYPE_SUITE_Other_B,NAME_TYPE_SUITE_Other_B,0.07890428839289113,0.07890428839289113,1.082100747512152,Higher risk
151,numeric__installment_payment_ratio,installment_payment_ratio,-0.07810006606321254,0.07810006606321254,0.9248718736255437,Lower risk
152,numeric__FLOORSMAX_AVG,FLOORSMAX_AVG,-0.07808474026039453,0.07808474026039453,0.9248860481381285,Lower risk
153,numeric__credit_card_max_balance,credit_card_max_balance,0.07777870832422674,0.07777870832422674,1.0808834416945685,Higher risk
154,numeric__bureau_days_credit_max,bureau_days_credit_max,-0.0751726109841365,0.0751726109841365,0.927583361432407,Lower risk
155,numeric__CNT_CHILDREN,CNT_CHILDREN,0.07506320901609814,0.07506320901609814,1.0779522850346004,Higher risk
156,numeric__bureau_max_credit_sum,bureau_max_credit_sum,-0.0738695605832803,0.0738695605832803,0.9287928371361145,Lower risk
157,numeric__credit_card_late_count,credit_card_late_count,-0.07345043797289723,0.07345043797289723,0.9291821968035405,Lower risk
158,numeric__CNT_FAM_MEMBERS,CNT_FAM_MEMBERS,-0.07241192016856014,0.07241192016856014,0.9301476703023296,Lower risk
159,numeric__bureau_days_credit_mean,bureau_days_credit_mean,0.071652070980185,0.071652070980185,1.0742815053217594,Higher risk
160,numeric__LANDAREA_AVG,LANDAREA_AVG,0.07124457089331372,0.07124457089331372,1.0738438246985191,Higher risk
161,categorical__WEEKDAY_APPR_PROCESS_START_MONDAY,WEEKDAY_APPR_PROCESS_START_MONDAY,-0.0701349486540274,0.0701349486540274,0.9322680031045234,Lower risk
162,categorical__OCCUPATION_TYPE_Security staff,OCCUPATION_TYPE_Security staff,0.0692940777382288,0.0692940777382288,1.071751341019752,Higher risk
163,categorical__HOUSETYPE_MODE_block of flats,HOUSETYPE_MODE_block of flats,-0.06759092904278029,0.06759092904278029,0.9346427305832214,Lower risk
164,categorical__OCCUPATION_TYPE_Managers,OCCUPATION_TYPE_Managers,-0.06756591922356443,0.06756591922356443,0.9346661061212526,Lower risk
165,numeric__COMMONAREA_MODE,COMMONAREA_MODE,0.06736157037572094,0.06736157037572094,1.0696821736470012,Higher risk
166,numeric__FLAG_DOCUMENT_8,FLAG_DOCUMENT_8,0.06667084241078192,0.06667084241078192,1.0689435693727463,Higher risk
167,categorical__NAME_HOUSING_TYPE_Municipal apartment,NAME_HOUSING_TYPE_Municipal apartment,0.06666030646760036,0.06666030646760036,1.0689323071033643,Higher risk
168,numeric__NONLIVINGAREA_MODE,NONLIVINGAREA_MODE,-0.06608200708383191,0.06608200708383191,0.936054098077083,Lower risk
169,numeric__DAYS_LAST_PHONE_CHANGE,DAYS_LAST_PHONE_CHANGE,0.0638588987306777,0.0638588987306777,1.0659419823830456,Higher risk
170,"categorical__NAME_TYPE_SUITE_Spouse, partner","NAME_TYPE_SUITE_Spouse, partner",-0.06218790389664698,0.06218790389664698,0.9397062957258633,Lower risk
171,numeric__REG_CITY_NOT_LIVE_CITY,REG_CITY_NOT_LIVE_CITY,0.06211669198979188,0.06211669198979188,1.0640865078553838,Higher risk
172,categorical__NAME_TYPE_SUITE_Children,NAME_TYPE_SUITE_Children,0.060903870078220596,0.060903870078220596,1.0627967427086618,Higher risk
173,categorical__ORGANIZATION_TYPE_Industry: type 5,ORGANIZATION_TYPE_Industry: type 5,-0.06081659015251811,0.06081659015251811,0.9409958118481494,Lower risk
174,numeric__FLAG_WORK_PHONE,FLAG_WORK_PHONE,0.05971799385345578,0.05971799385345578,1.0615371443312251,Higher risk
175,categorical__OCCUPATION_TYPE_Realty agents,OCCUPATION_TYPE_Realty agents,-0.057871912666926435,0.057871912666926435,0.9437708247831839,Lower risk
176,categorical__NAME_HOUSING_TYPE_House / apartment,NAME_HOUSING_TYPE_House / apartment,-0.05776639911709847,0.05776639911709847,0.9438704106468675,Lower risk
177,categorical__ORGANIZATION_TYPE_Industry: type 7,ORGANIZATION_TYPE_Industry: type 7,0.056993831226721574,0.056993831226721574,1.0586492798079687,Higher risk
178,categorical__OCCUPATION_TYPE_Cooking staff,OCCUPATION_TYPE_Cooking staff,0.05541638670536045,0.05541638670536045,1.0569806357442226,Higher risk
179,numeric__installment_underpayment_flag,installment_underpayment_flag,0.05308413265857311,0.05308413265857311,1.0545183608205697,Higher risk
180,categorical__ORGANIZATION_TYPE_University,ORGANIZATION_TYPE_University,0.05071242383295581,0.05071242383295581,1.0520203138084687,Higher risk
181,categorical__NAME_FAMILY_STATUS_Single / not married,NAME_FAMILY_STATUS_Single / not married,0.05020568315188394,0.05020568315188394,1.0514873473674415,Higher risk
182,categorical__NAME_HOUSING_TYPE_With parents,NAME_HOUSING_TYPE_With parents,-0.050160768863563,0.050160768863563,0.9510765087195269,Lower risk
183,categorical__FONDKAPREMONT_MODE_org spec account,FONDKAPREMONT_MODE_org spec account,-0.05000064226039245,0.05000064226039245,0.9512288135639267,Lower risk
184,categorical__NAME_FAMILY_STATUS_Married,NAME_FAMILY_STATUS_Married,-0.04935623799959173,0.04935623799959173,0.9518419870089553,Lower risk
185,categorical__WALLSMATERIAL_MODE_Panel,WALLSMATERIAL_MODE_Panel,-0.04901012466381283,0.04901012466381283,0.952171489233481,Lower risk
186,numeric__NONLIVINGAREA_AVG,NONLIVINGAREA_AVG,0.046614837649650735,0.046614837649650735,1.0477183896776743,Higher risk
187,numeric__credit_card_max_utilization,credit_card_max_utilization,0.046380440603124504,0.046380440603124504,1.047472836361153,Higher risk
188,categorical__OCCUPATION_TYPE_Cleaning staff,OCCUPATION_TYPE_Cleaning staff,0.046028600376264155,0.046028600376264155,1.047104358107315,Higher risk
189,numeric__FLAG_DOCUMENT_13,FLAG_DOCUMENT_13,-0.045926614920934944,0.045926614920934944,0.9551120505923104,Lower risk
190,numeric__FLAG_DOCUMENT_5,FLAG_DOCUMENT_5,0.045594105426569,0.045594105426569,1.046649495376849,Higher risk
191,numeric__DAYS_ID_PUBLISH,DAYS_ID_PUBLISH,0.045239317297528274,0.045239317297528274,1.046278222426135,Higher risk
192,numeric__REGION_RATING_CLIENT,REGION_RATING_CLIENT,-0.044735535398030934,0.044735535398030934,0.956250342761525,Lower risk
193,numeric__LIVE_REGION_NOT_WORK_REGION,LIVE_REGION_NOT_WORK_REGION,-0.04404162243453289,0.04404162243453289,0.9569141275485157,Lower risk
194,numeric__installment_mean_instalment,installment_mean_instalment,0.04321929901775469,0.04321929901775469,1.0441668545099467,Higher risk
195,categorical__WALLSMATERIAL_MODE_Block,WALLSMATERIAL_MODE_Block,-0.04309916773704235,0.04309916773704235,0.9578164008722002,Lower risk
196,numeric__NONLIVINGAPARTMENTS_AVG,NONLIVINGAPARTMENTS_AVG,-0.04306249504380899,0.04306249504380899,0.9578515272233283,Lower risk
197,categorical__NAME_FAMILY_STATUS_Separated,NAME_FAMILY_STATUS_Separated,0.042924049105162225,0.042924049105162225,1.0438586098442653,Higher risk
198,numeric__prev_max_credit,prev_max_credit,0.042836164858512,0.042836164858512,1.0437668751478062,Higher risk
199,categorical__ORGANIZATION_TYPE_Emergency,ORGANIZATION_TYPE_Emergency,-0.042740990792507844,0.042740990792507844,0.9581595300709053,Lower risk
200,numeric__OWN_CAR_AGE,OWN_CAR_AGE,0.042421248647437605,0.042421248647437605,1.0433338891833845,Higher risk
201,numeric__FLOORSMAX_MEDI,FLOORSMAX_MEDI,0.04166432141369874,0.04166432141369874,1.042544460156635,Higher risk
202,numeric__installment_max_payment,installment_max_payment,0.041380785788918274,0.041380785788918274,1.0422489035641547,Higher risk
203,numeric__FLAG_DOCUMENT_16,FLAG_DOCUMENT_16,-0.041316557736889865,0.041316557736889865,0.9595253366972105,Lower risk
204,numeric__DEF_60_CNT_SOCIAL_CIRCLE,DEF_60_CNT_SOCIAL_CIRCLE,0.04044128403355964,0.04044128403355964,1.041270168723277,Higher risk
205,numeric__REG_REGION_NOT_WORK_REGION,REG_REGION_NOT_WORK_REGION,0.039641241612166,0.039641241612166,1.040437441569108,Higher risk
206,numeric__REG_REGION_NOT_LIVE_REGION,REG_REGION_NOT_LIVE_REGION,-0.03906826072903618,0.03906826072903618,0.9616850615824101,Lower risk
207,categorical__NAME_INCOME_TYPE_Maternity leave,NAME_INCOME_TYPE_Maternity leave,-0.039008271130723124,0.039008271130723124,0.9617427544134257,Lower risk
208,numeric__DEF_30_CNT_SOCIAL_CIRCLE,DEF_30_CNT_SOCIAL_CIRCLE,0.03887249358404663,0.03887249358404663,1.0396379146942494,Higher risk
209,categorical__ORGANIZATION_TYPE_Insurance,ORGANIZATION_TYPE_Insurance,0.03831939618733103,0.03831939618733103,1.0390630526621067,Higher risk
210,numeric__credit_card_late_rate,credit_card_late_rate,0.037349268351627295,0.037349268351627295,1.0380555174696557,Higher risk
211,numeric__credit_card_max_credit_limit,credit_card_max_credit_limit,0.037005425132147274,0.037005425132147274,1.0376986504751942,Higher risk
212,numeric__FLAG_DOCUMENT_18,FLAG_DOCUMENT_18,-0.03690465306071759,0.03690465306071759,0.9637680232995662,Lower risk
213,numeric__ENTRANCES_MODE,ENTRANCES_MODE,-0.03657000979418404,0.03657000979418404,0.9640905957494027,Lower risk
214,numeric__LANDAREA_MEDI,LANDAREA_MEDI,-0.0358744792211389,0.0358744792211389,0.9647613834835784,Lower risk
215,numeric__FLAG_DOCUMENT_10,FLAG_DOCUMENT_10,-0.03549672237227441,0.03549672237227441,0.9651258975482169,Lower risk
216,numeric__bureau_mean_credit_sum,bureau_mean_credit_sum,-0.03534656110278231,0.03534656110278231,0.9652708329597828,Lower risk
217,numeric__prev_recent_application_days,prev_recent_application_days,-0.034548827096307,0.034548827096307,0.9660411695496884,Lower risk
218,numeric__AMT_REQ_CREDIT_BUREAU_QRT,AMT_REQ_CREDIT_BUREAU_QRT,-0.034492191487170275,0.034492191487170275,0.9660958834291393,Lower risk
219,numeric__REGION_POPULATION_RELATIVE,REGION_POPULATION_RELATIVE,0.03333900258011853,0.03333900258011853,1.0339009749367376,Higher risk
220,numeric__DAYS_REGISTRATION,DAYS_REGISTRATION,0.03310020333477033,0.03310020333477033,1.0336541096409542,Higher risk
221,numeric__DAYS_BIRTH,DAYS_BIRTH,0.031860404833303095,0.031860404833303095,1.0323733809116162,Higher risk
222,numeric__credit_card_max_dpd,credit_card_max_dpd,0.03132447573038154,0.03132447573038154,1.0318202502043652,Higher risk
223,categorical__OCCUPATION_TYPE_Medicine staff,OCCUPATION_TYPE_Medicine staff,-0.03131512954252552,0.03131512954252552,0.969170110814812,Lower risk
224,numeric__FLAG_PHONE,FLAG_PHONE,-0.03026551707320326,0.03026551707320326,0.970187897895583,Lower risk
225,categorical__ORGANIZATION_TYPE_Religion,ORGANIZATION_TYPE_Religion,0.029472206085788773,0.029472206085788773,1.0299108098213907,Higher risk
226,categorical__NAME_FAMILY_STATUS_Widow,NAME_FAMILY_STATUS_Widow,-0.029020552163683093,0.029020552163683093,0.9713964999615803,Lower risk
227,categorical__FONDKAPREMONT_MODE_reg oper account,FONDKAPREMONT_MODE_reg oper account,-0.02877713229557627,0.02877713229557627,0.9716329859510068,Lower risk
228,numeric__AMT_REQ_CREDIT_BUREAU_YEAR,AMT_REQ_CREDIT_BUREAU_YEAR,-0.02856444307269705,0.02856444307269705,0.9718396637940083,Lower risk
229,categorical__ORGANIZATION_TYPE_School,ORGANIZATION_TYPE_School,-0.028494119780440762,0.028494119780440762,0.9719080091618191,Lower risk
230,numeric__REG_CITY_NOT_WORK_CITY,REG_CITY_NOT_WORK_CITY,-0.02828381280869877,0.02828381280869877,0.972112429686815,Lower risk
231,numeric__LIVE_CITY_NOT_WORK_CITY,LIVE_CITY_NOT_WORK_CITY,0.02767231759471448,0.02767231759471448,1.0280587524563218,Higher risk
232,numeric__FLAG_DOCUMENT_15,FLAG_DOCUMENT_15,-0.027316873310613568,0.027316873310613568,0.973052858187117,Lower risk
233,numeric__LANDAREA_MODE,LANDAREA_MODE,-0.027225002467565845,0.027225002467565845,0.9731422574800599,Lower risk
234,numeric__FLAG_DOCUMENT_14,FLAG_DOCUMENT_14,-0.026630631604275954,0.026630631604275954,0.9737208368120575,Lower risk
235,categorical__FLAG_OWN_CAR_N,FLAG_OWN_CAR_N,0.02594796888467681,0.02594796888467681,1.0262875481984413,Higher risk
236,numeric__prev_application_count,prev_application_count,-0.025121673963443773,0.025121673963443773,0.9751912494249713,Lower risk
237,numeric__ELEVATORS_MEDI,ELEVATORS_MEDI,-0.024366021583428647,0.024366021583428647,0.9759284335059435,Lower risk
238,numeric__bureau_days_credit_min,bureau_days_credit_min,-0.024121685199895104,0.024121685199895104,0.9761669174639412,Lower risk
239,numeric__LIVINGAREA_MODE,LIVINGAREA_MODE,-0.02281452361346641,0.02281452361346641,0.9774437596981442,Lower risk
240,numeric__pos_cash_late_count,pos_cash_late_count,0.022250653934950997,0.022250653934950997,1.0225000460126352,Higher risk
241,numeric__FLAG_EMAIL,FLAG_EMAIL,-0.021537152478367416,0.021537152478367416,0.9786931159188734,Lower risk
242,numeric__FLAG_DOCUMENT_17,FLAG_DOCUMENT_17,-0.02096399267242014,0.02096399267242014,0.9792542242622891,Lower risk
243,numeric__TOTALAREA_MODE,TOTALAREA_MODE,0.020568327205254255,0.020568327205254255,1.0207813129947272,Higher risk
244,numeric__FLOORSMIN_MODE,FLOORSMIN_MODE,0.020118305155757743,0.020118305155757743,1.0203220422448984,Higher risk
245,categorical__OCCUPATION_TYPE_Laborers,OCCUPATION_TYPE_Laborers,-0.01975459602378171,0.01975459602378171,0.9804392474763902,Lower risk
246,categorical__WEEKDAY_APPR_PROCESS_START_WEDNESDAY,WEEKDAY_APPR_PROCESS_START_WEDNESDAY,0.019521676900728917,0.019521676900728917,1.019713470848764,Higher risk
247,categorical__NAME_TYPE_SUITE_Unaccompanied,NAME_TYPE_SUITE_Unaccompanied,-0.019341234483641348,0.019341234483641348,0.9808446071280141,Lower risk
248,categorical__NAME_TYPE_SUITE_Family,NAME_TYPE_SUITE_Family,-0.019158386088329316,0.019158386088329316,0.9810239693880289,Lower risk
249,numeric__credit_card_month_count,credit_card_month_count,0.01901330283485796,0.01901330283485796,1.01919520671275,Higher risk
250,categorical__NAME_CONTRACT_TYPE_Revolving loans,NAME_CONTRACT_TYPE_Revolving loans,-0.017896523901770718,0.017896523901770718,0.9822626678080912,Lower risk
251,numeric__FLAG_MOBIL,FLAG_MOBIL,0.01751652618649177,0.01751652618649177,1.017670840229885,Higher risk
252,numeric__credit_card_total_drawings,credit_card_total_drawings,-0.01749948443184382,0.01749948443184382,0.982652742289405,Lower risk
253,categorical__WEEKDAY_APPR_PROCESS_START_THURSDAY,WEEKDAY_APPR_PROCESS_START_THURSDAY,-0.017301058587430185,0.017301058587430185,0.9828477453357415,Lower risk
254,categorical__WALLSMATERIAL_MODE_Mixed,WALLSMATERIAL_MODE_Mixed,-0.017126035157079854,0.017126035157079854,0.9830197817744069,Lower risk
255,numeric__FLAG_CONT_MOBILE,FLAG_CONT_MOBILE,-0.016684273137413348,0.016684273137413348,0.9834541385126667,Lower risk
256,numeric__AMT_REQ_CREDIT_BUREAU_DAY,AMT_REQ_CREDIT_BUREAU_DAY,0.016384517946470972,0.016384517946470972,1.016519480250558,Higher risk
257,numeric__bureau_mean_annuity,bureau_mean_annuity,-0.016201860812719533,0.016201860812719533,0.9839286833637958,Lower risk
258,numeric__BASEMENTAREA_MODE,BASEMENTAREA_MODE,-0.016090229218725417,0.016090229218725417,0.9840385270219935,Lower risk
259,numeric__credit_card_mean_balance,credit_card_mean_balance,0.01580153165939258,0.01580153165939258,1.0159270360432278,Higher risk
260,numeric__FLAG_DOCUMENT_12,FLAG_DOCUMENT_12,-0.015616475158384276,0.015616475158384276,0.9845048297173783,Lower risk
261,numeric__AMT_REQ_CREDIT_BUREAU_MON,AMT_REQ_CREDIT_BUREAU_MON,-0.015419939741414056,0.015419939741414056,0.9846983387996673,Lower risk
262,numeric__FLAG_DOCUMENT_2,FLAG_DOCUMENT_2,0.014518319677129894,0.014518319677129894,1.0146242223693023,Higher risk
263,numeric__FLAG_DOCUMENT_9,FLAG_DOCUMENT_9,0.01440500874588302,0.01440500874588302,1.0145092608671205,Higher risk
264,numeric__YEARS_BEGINEXPLUATATION_MODE,YEARS_BEGINEXPLUATATION_MODE,-0.014400181714164207,0.014400181714164207,0.985703005006229,Lower risk
265,categorical__FONDKAPREMONT_MODE_not specified,FONDKAPREMONT_MODE_not specified,-0.013434760465122614,0.013434760465122614,0.9866550831367874,Lower risk
266,numeric__NONLIVINGAREA_MEDI,NONLIVINGAREA_MEDI,0.012371673104814823,0.012371673104814823,1.0124485188289258,Higher risk
267,categorical__NAME_HOUSING_TYPE_Co-op apartment,NAME_HOUSING_TYPE_Co-op apartment,0.011383227952541998,0.011383227952541998,1.0114482634288036,Higher risk
268,categorical__OCCUPATION_TYPE_Sales staff,OCCUPATION_TYPE_Sales staff,0.01092902309341928,0.01092902309341928,1.010988963028936,Higher risk
269,categorical__WEEKDAY_APPR_PROCESS_START_TUESDAY,WEEKDAY_APPR_PROCESS_START_TUESDAY,0.010842397291795735,0.010842397291795735,1.010901389092717,Higher risk
270,numeric__pos_cash_late_rate,pos_cash_late_rate,-0.01081245823782565,0.01081245823782565,0.9892457862776051,Lower risk
271,categorical__WEEKDAY_APPR_PROCESS_START_FRIDAY,WEEKDAY_APPR_PROCESS_START_FRIDAY,0.010154864725847618,0.010154864725847618,1.0102066003390697,Higher risk
272,numeric__HOUR_APPR_PROCESS_START,HOUR_APPR_PROCESS_START,-0.00993822735483054,0.00993822735483054,0.9901109936352328,Lower risk
273,numeric__YEARS_BEGINEXPLUATATION_MEDI,YEARS_BEGINEXPLUATATION_MEDI,-0.009816122206409948,0.009816122206409948,0.9902318986664768,Lower risk
274,categorical__WALLSMATERIAL_MODE_Wooden,WALLSMATERIAL_MODE_Wooden,-0.00935928963621545,0.00935928963621545,0.9906843721942863,Lower risk
275,"categorical__WALLSMATERIAL_MODE_Stone, brick","WALLSMATERIAL_MODE_Stone, brick",0.009329601758996933,0.009329601758996933,1.0093732581534605,Higher risk
276,numeric__YEARS_BUILD_MODE,YEARS_BUILD_MODE,-0.009298064908284456,0.009298064908284456,0.9907450284322513,Lower risk
277,numeric__FLOORSMAX_MODE,FLOORSMAX_MODE,-0.009273725331405636,0.009273725331405636,0.9907691430405066,Lower risk
278,numeric__FLAG_DOCUMENT_20,FLAG_DOCUMENT_20,0.008732386168375234,0.008732386168375234,1.0087706246759003,Higher risk
279,numeric__AMT_REQ_CREDIT_BUREAU_WEEK,AMT_REQ_CREDIT_BUREAU_WEEK,-0.00860018896095206,0.00860018896095206,0.9914366868753574,Lower risk
280,numeric__FLOORSMIN_AVG,FLOORSMIN_AVG,-0.008147844618577552,0.008147844618577552,0.9918852590983928,Lower risk
281,numeric__YEARS_BEGINEXPLUATATION_AVG,YEARS_BEGINEXPLUATATION_AVG,0.0074383203174936425,0.0074383203174936425,1.007466053341795,Higher risk
282,categorical__HOUSETYPE_MODE_specific housing,HOUSETYPE_MODE_specific housing,0.007347242729846221,0.007347242729846221,1.0073742999424224,Higher risk
283,numeric__FLAG_DOCUMENT_7,FLAG_DOCUMENT_7,0.006992530950065247,0.006992530950065247,1.007017035778234,Higher risk
284,numeric__installment_days_late_mean,installment_days_late_mean,-0.006334352454855628,0.006334352454855628,0.9936856672627028,Lower risk
285,numeric__installment_late_payment_count,installment_late_payment_count,0.005615581083234712,0.005615581083234712,1.0056313780144925,Higher risk
286,numeric__FLAG_DOCUMENT_11,FLAG_DOCUMENT_11,-0.00556213978915043,0.00556213978915043,0.9944533002705127,Lower risk
287,numeric__credit_card_mean_payment_total,credit_card_mean_payment_total,-0.0053072345534356455,0.0053072345534356455,0.9947068239343074,Lower risk
288,numeric__FLAG_DOCUMENT_21,FLAG_DOCUMENT_21,0.004439581770319906,0.004439581770319906,1.0044494513136106,Higher risk
289,numeric__pos_cash_max_dpd,pos_cash_max_dpd,-0.0024299043773159364,0.0024299043773159364,0.9975730454505752,Lower risk
290,numeric__FLOORSMIN_MEDI,FLOORSMIN_MEDI,-0.0023093167965514186,0.0023093167965514186,0.9976933476240902,Lower risk
291,categorical__OCCUPATION_TYPE_HR staff,OCCUPATION_TYPE_HR staff,-0.0013863806001170888,0.0013863806001170888,0.9986145799815053,Lower risk
292,numeric__AMT_REQ_CREDIT_BUREAU_HOUR,AMT_REQ_CREDIT_BUREAU_HOUR,-0.0013427226287035456,0.0013427226287035456,0.9986581784199939,Lower risk
293,numeric__FLAG_DOCUMENT_19,FLAG_DOCUMENT_19,0.0011812727080735212,0.0011812727080735212,1.0011819706854859,Higher risk
294,numeric__APARTMENTS_MODE,APARTMENTS_MODE,0.0008214864664449649,0.0008214864664449649,1.0008218239788667,Higher risk
295,numeric__pos_cash_max_dpd_def,pos_cash_max_dpd_def,0.0007595278080152516,0.0007595278080152516,1.000759816322301,Higher risk
296,numeric__AMT_INCOME_TOTAL,AMT_INCOME_TOTAL,-0.000471833988268131,0.000471833988268131,0.999528277307883,Lower risk
297,numeric__installment_days_late_max,installment_days_late_max,-0.000365333144093566,0.000365333144093566,0.9996347335819336,Lower risk
